{"train": {"mean_accuracy": 0.9333333333333333, "weighted_avg_f1_score": 0.9330511463844797}}