{"train": {"mean_accuracy": 0.9555555555555556, "weighted_avg_f1_score": 0.9555555555555556}}